<?xml version="1.0"?>
<animalsign>
<year>
<FromMonth>2</FromMonth>
<FromDay>4</FromDay>
<FromYear>1935</FromYear>
<ToMonth>2</ToMonth>
<ToDay>4</ToDay>
<ToYear>1936</ToYear>
<Sign>Pig</Sign>
</year>
<year>
<FromMonth>2</FromMonth>
<FromDay>5</FromDay>
<FromYear>1936</FromYear>
<ToMonth>2</ToMonth>
<ToDay>3</ToDay>
<ToYear>1937</ToYear>
<Sign>Rat</Sign>
</year>
<year>
<FromMonth>2</FromMonth>
<FromDay>4</FromDay>
<FromYear>1937</FromYear>
<ToMonth>2</ToMonth>
<ToDay>3</ToDay>
<ToYear>1938</ToYear>
<Sign>Ox</Sign>
</year>
<year>
<FromMonth>2</FromMonth>
<FromDay>4</FromDay>
<FromYear>1938</FromYear>
<ToMonth>2</ToMonth>
<ToDay>4</ToDay>
<ToYear>1939</ToYear>
<Sign>Tiger</Sign>
</year>
<year>
<FromMonth>2</FromMonth>
<FromDay>5</FromDay>
<FromYear>1939</FromYear>
<ToMonth>2</ToMonth>
<ToDay>4</ToDay>
<ToYear>1940</ToYear>
<Sign>Rabbit</Sign>
</year>
<year>
<FromMonth>2</FromMonth>
<FromDay>5</FromDay>
<FromYear>1940</FromYear>
<ToMonth>2</ToMonth>
<ToDay>3</ToDay>
<ToYear>1941</ToYear>
<Sign>Dragon</Sign>
</year>
<year>
<FromMonth>2</FromMonth>
<FromDay>4</FromDay>
<FromYear>1941</FromYear>
<ToMonth>2</ToMonth>
<ToDay>3</ToDay>
<ToYear>1942</ToYear>
<Sign>Snake</Sign>
</year>
<year>
<FromMonth>2</FromMonth>
<FromDay>4</FromDay>
<FromYear>1942</FromYear>
<ToMonth>2</ToMonth>
<ToDay>4</ToDay>
<ToYear>1943</ToYear>
<Sign>Horse</Sign>
</year>
<year>
<FromMonth>2</FromMonth>
<FromDay>5</FromDay>
<FromYear>1943</FromYear>
<ToMonth>2</ToMonth>
<ToDay>4</ToDay>
<ToYear>1944</ToYear>
<Sign>Sheep</Sign>
</year>
<year>
<FromMonth>2</FromMonth>
<FromDay>5</FromDay>
<FromYear>1944</FromYear>
<ToMonth>2</ToMonth>
<ToDay>3</ToDay>
<ToYear>1945</ToYear>
<Sign>Monkey</Sign>
</year>
<year>
<FromMonth>2</FromMonth>
<FromDay>4</FromDay>
<FromYear>1945</FromYear>
<ToMonth>2</ToMonth>
<ToDay>3</ToDay>
<ToYear>1946</ToYear>
<Sign>Rooster</Sign>
</year>
<year>
<FromMonth>2</FromMonth>
<FromDay>4</FromDay>
<FromYear>1946</FromYear>
<ToMonth>2</ToMonth>
<ToDay>3</ToDay>
<ToYear>1947</ToYear>
<Sign>Dog</Sign>
</year>
<year>
<FromMonth>2</FromMonth>
<FromDay>4</FromDay>
<FromYear>1947</FromYear>
<ToMonth>2</ToMonth>
<ToDay>4</ToDay>
<ToYear>1948</ToYear>
<Sign>Pig</Sign>
</year>
<year>
<FromMonth>2</FromMonth>
<FromDay>5</FromDay>
<FromYear>1948</FromYear>
<ToMonth>2</ToMonth>
<ToDay>3</ToDay>
<ToYear>1949</ToYear>
<Sign>Rat</Sign>
</year>
<year>
<FromMonth>2</FromMonth>
<FromDay>4</FromDay>
<FromYear>1949</FromYear>
<ToMonth>2</ToMonth>
<ToDay>3</ToDay>
<ToYear>1950</ToYear>
<Sign>Ox</Sign>
</year>
<year>
<FromMonth>2</FromMonth>
<FromDay>4</FromDay>
<FromYear>1950</FromYear>
<ToMonth>2</ToMonth>
<ToDay>3</ToDay>
<ToYear>1951</ToYear>
<Sign>Tiger</Sign>
</year>
<year>
<FromMonth>2</FromMonth>
<FromDay>4</FromDay>
<FromYear>1951</FromYear>
<ToMonth>2</ToMonth>
<ToDay>4</ToDay>
<ToYear>1952</ToYear>
<Sign>Rabbit</Sign>
</year>
<year>
<FromMonth>2</FromMonth>
<FromDay>5</FromDay>
<FromYear>1952</FromYear>
<ToMonth>2</ToMonth>
<ToDay>3</ToDay>
<ToYear>1953</ToYear>
<Sign>Dragon</Sign>
</year>
<year>
<FromMonth>2</FromMonth>
<FromDay>4</FromDay>
<FromYear>1953</FromYear>
<ToMonth>2</ToMonth>
<ToDay>3</ToDay>
<ToYear>1954</ToYear>
<Sign>Snake</Sign>
</year>
<year>
<FromMonth>2</FromMonth>
<FromDay>4</FromDay>
<FromYear>1954</FromYear>
<ToMonth>2</ToMonth>
<ToDay>3</ToDay>
<ToYear>1955</ToYear>
<Sign>Horse</Sign>
</year>
<year>
<FromMonth>2</FromMonth>
<FromDay>4</FromDay>
<FromYear>1955</FromYear>
<ToMonth>2</ToMonth>
<ToDay>4</ToDay>
<ToYear>1956</ToYear>
<Sign>Sheep</Sign>
</year>
<year>
<FromMonth>2</FromMonth>
<FromDay>5</FromDay>
<FromYear>1956</FromYear>
<ToMonth>2</ToMonth>
<ToDay>3</ToDay>
<ToYear>1957</ToYear>
<Sign>Monkey</Sign>
</year>
<year>
<FromMonth>2</FromMonth>
<FromDay>4</FromDay>
<FromYear>1957</FromYear>
<ToMonth>2</ToMonth>
<ToDay>3</ToDay>
<ToYear>1958</ToYear>
<Sign>Rooster</Sign>
</year>
<year>
<FromMonth>2</FromMonth>
<FromDay>4</FromDay>
<FromYear>1958</FromYear>
<ToMonth>2</ToMonth>
<ToDay>3</ToDay>
<ToYear>1959</ToYear>
<Sign>Dog</Sign>
</year>
<year>
<FromMonth>2</FromMonth>
<FromDay>4</FromDay>
<FromYear>1959</FromYear>
<ToMonth>2</ToMonth>
<ToDay>4</ToDay>
<ToYear>1960</ToYear>
<Sign>Pig</Sign>
</year>
<year>
<FromMonth>2</FromMonth>
<FromDay>5</FromDay>
<FromYear>1960</FromYear>
<ToMonth>2</ToMonth>
<ToDay>3</ToDay>
<ToYear>1961</ToYear>
<Sign>Rat</Sign>
</year>
<year>
<FromMonth>2</FromMonth>
<FromDay>4</FromDay>
<FromYear>1961</FromYear>
<ToMonth>2</ToMonth>
<ToDay>3</ToDay>
<ToYear>1962</ToYear>
<Sign>Ox</Sign>
</year>
<year>
<FromMonth>2</FromMonth>
<FromDay>4</FromDay>
<FromYear>1962</FromYear>
<ToMonth>2</ToMonth>
<ToDay>3</ToDay>
<ToYear>1963</ToYear>
<Sign>Tiger</Sign>
</year>
<year>
<FromMonth>2</FromMonth>
<FromDay>4</FromDay>
<FromYear>1963</FromYear>
<ToMonth>2</ToMonth>
<ToDay>4</ToDay>
<ToYear>1964</ToYear>
<Sign>Rabbit</Sign>
</year>
<year>
<FromMonth>2</FromMonth>
<FromDay>5</FromDay>
<FromYear>1964</FromYear>
<ToMonth>2</ToMonth>
<ToDay>3</ToDay>
<ToYear>1965</ToYear>
<Sign>Dragon</Sign>
</year>
<year>
<FromMonth>2</FromMonth>
<FromDay>4</FromDay>
<FromYear>1965</FromYear>
<ToMonth>2</ToMonth>
<ToDay>3</ToDay>
<ToYear>1966</ToYear>
<Sign>Snake</Sign>
</year>
<year>
<FromMonth>2</FromMonth>
<FromDay>4</FromDay>
<FromYear>1966</FromYear>
<ToMonth>2</ToMonth>
<ToDay>3</ToDay>
<ToYear>1967</ToYear>
<Sign>Horse</Sign>
</year>
<year>
<FromMonth>2</FromMonth>
<FromDay>4</FromDay>
<FromYear>1967</FromYear>
<ToMonth>2</ToMonth>
<ToDay>4</ToDay>
<ToYear>1968</ToYear>
<Sign>Sheep</Sign>
</year>
<year>
<FromMonth>2</FromMonth>
<FromDay>5</FromDay>
<FromYear>1968</FromYear>
<ToMonth>2</ToMonth>
<ToDay>3</ToDay>
<ToYear>1969</ToYear>
<Sign>Monkey</Sign>
</year>
<year>
<FromMonth>2</FromMonth>
<FromDay>4</FromDay>
<FromYear>1969</FromYear>
<ToMonth>2</ToMonth>
<ToDay>3</ToDay>
<ToYear>1970</ToYear>
<Sign>Rooster</Sign>
</year>
<year>
<FromMonth>2</FromMonth>
<FromDay>4</FromDay>
<FromYear>1970</FromYear>
<ToMonth>2</ToMonth>
<ToDay>3</ToDay>
<ToYear>1971</ToYear>
<Sign>Dog</Sign>
</year>
<year>
<FromMonth>2</FromMonth>
<FromDay>4</FromDay>
<FromYear>1971</FromYear>
<ToMonth>2</ToMonth>
<ToDay>4</ToDay>
<ToYear>1972</ToYear>
<Sign>Pig</Sign>
</year>
<year>
<FromMonth>2</FromMonth>
<FromDay>5</FromDay>
<FromYear>1972</FromYear>
<ToMonth>2</ToMonth>
<ToDay>3</ToDay>
<ToYear>1973</ToYear>
<Sign>Rat</Sign>
</year>
<year>
<FromMonth>2</FromMonth>
<FromDay>4</FromDay>
<FromYear>1973</FromYear>
<ToMonth>2</ToMonth>
<ToDay>3</ToDay>
<ToYear>1974</ToYear>
<Sign>Ox</Sign>
</year>
<year>
<FromMonth>2</FromMonth>
<FromDay>4</FromDay>
<FromYear>1974</FromYear>
<ToMonth>2</ToMonth>
<ToDay>3</ToDay>
<ToYear>1975</ToYear>
<Sign>Tiger</Sign>
</year>
<year>
<FromMonth>2</FromMonth>
<FromDay>4</FromDay>
<FromYear>1975</FromYear>
<ToMonth>2</ToMonth>
<ToDay>4</ToDay>
<ToYear>1976</ToYear>
<Sign>Rabbit</Sign>
</year>
<year>
<FromMonth>2</FromMonth>
<FromDay>5</FromDay>
<FromYear>1976</FromYear>
<ToMonth>2</ToMonth>
<ToDay>3</ToDay>
<ToYear>1977</ToYear>
<Sign>Dragon</Sign>
</year>
<year>
<FromMonth>2</FromMonth>
<FromDay>4</FromDay>
<FromYear>1977</FromYear>
<ToMonth>2</ToMonth>
<ToDay>3</ToDay>
<ToYear>1978</ToYear>
<Sign>Snake</Sign>
</year>
<year>
<FromMonth>2</FromMonth>
<FromDay>4</FromDay>
<FromYear>1978</FromYear>
<ToMonth>2</ToMonth>
<ToDay>3</ToDay>
<ToYear>1979</ToYear>
<Sign>Horse</Sign>
</year>
<year>
<FromMonth>2</FromMonth>
<FromDay>4</FromDay>
<FromYear>1979</FromYear>
<ToMonth>2</ToMonth>
<ToDay>4</ToDay>
<ToYear>1980</ToYear>
<Sign>Sheep</Sign>
</year>
<year>
<FromMonth>2</FromMonth>
<FromDay>5</FromDay>
<FromYear>1980</FromYear>
<ToMonth>2</ToMonth>
<ToDay>3</ToDay>
<ToYear>1981</ToYear>
<Sign>Monkey</Sign>
</year>
<year>
<FromMonth>2</FromMonth>
<FromDay>4</FromDay>
<FromYear>1981</FromYear>
<ToMonth>2</ToMonth>
<ToDay>3</ToDay>
<ToYear>1982</ToYear>
<Sign>Rooster</Sign>
</year>
<year>
<FromMonth>2</FromMonth>
<FromDay>4</FromDay>
<FromYear>1982</FromYear>
<ToMonth>2</ToMonth>
<ToDay>3</ToDay>
<ToYear>1983</ToYear>
<Sign>Dog</Sign>
</year>
<year>
<FromMonth>2</FromMonth>
<FromDay>4</FromDay>
<FromYear>1983</FromYear>
<ToMonth>2</ToMonth>
<ToDay>3</ToDay>
<ToYear>1984</ToYear>
<Sign>Pig</Sign>
</year>
<year>
<FromMonth>2</FromMonth>
<FromDay>4</FromDay>
<FromYear>1984</FromYear>
<ToMonth>2</ToMonth>
<ToDay>3</ToDay>
<ToYear>1985</ToYear>
<Sign>Rat</Sign>
</year>
<year>
<FromMonth>2</FromMonth>
<FromDay>4</FromDay>
<FromYear>1985</FromYear>
<ToMonth>2</ToMonth>
<ToDay>3</ToDay>
<ToYear>1986</ToYear>
<Sign>Ox</Sign>
</year>
<year>
<FromMonth>2</FromMonth>
<FromDay>4</FromDay>
<FromYear>1986</FromYear>
<ToMonth>2</ToMonth>
<ToDay>3</ToDay>
<ToYear>1987</ToYear>
<Sign>Tiger</Sign>
</year>
<year>
<FromMonth>2</FromMonth>
<FromDay>4</FromDay>
<FromYear>1987</FromYear>
<ToMonth>2</ToMonth>
<ToDay>3</ToDay>
<ToYear>1988</ToYear>
<Sign>Rabbit</Sign>
</year>
<year>
<FromMonth>2</FromMonth>
<FromDay>4</FromDay>
<FromYear>1988</FromYear>
<ToMonth>2</ToMonth>
<ToDay>3</ToDay>
<ToYear>1989</ToYear>
<Sign>Dragon</Sign>
</year>
<year>
<FromMonth>2</FromMonth>
<FromDay>4</FromDay>
<FromYear>1989</FromYear>
<ToMonth>2</ToMonth>
<ToDay>3</ToDay>
<ToYear>1990</ToYear>
<Sign>Snake</Sign>
</year>
<year>
<FromMonth>2</FromMonth>
<FromDay>4</FromDay>
<FromYear>1990</FromYear>
<ToMonth>2</ToMonth>
<ToDay>3</ToDay>
<ToYear>1991</ToYear>
<Sign>Horse</Sign>
</year>
<year>
<FromMonth>2</FromMonth>
<FromDay>4</FromDay>
<FromYear>1991</FromYear>
<ToMonth>2</ToMonth>
<ToDay>3</ToDay>
<ToYear>1992</ToYear>
<Sign>Sheep</Sign>
</year>
<year>
<FromMonth>2</FromMonth>
<FromDay>4</FromDay>
<FromYear>1992</FromYear>
<ToMonth>2</ToMonth>
<ToDay>3</ToDay>
<ToYear>1993</ToYear>
<Sign>Monkey</Sign>
</year>
<year>
<FromMonth>2</FromMonth>
<FromDay>4</FromDay>
<FromYear>1993</FromYear>
<ToMonth>2</ToMonth>
<ToDay>3</ToDay>
<ToYear>1994</ToYear>
<Sign>Rooster</Sign>
</year>
<year>
<FromMonth>2</FromMonth>
<FromDay>4</FromDay>
<FromYear>1994</FromYear>
<ToMonth>2</ToMonth>
<ToDay>3</ToDay>
<ToYear>1995</ToYear>
<Sign>Dog</Sign>
</year>
<year>
<FromMonth>2</FromMonth>
<FromDay>4</FromDay>
<FromYear>1995</FromYear>
<ToMonth>2</ToMonth>
<ToDay>3</ToDay>
<ToYear>1996</ToYear>
<Sign>Pig</Sign>
</year>
<year>
<FromMonth>2</FromMonth>
<FromDay>4</FromDay>
<FromYear>1996</FromYear>
<ToMonth>2</ToMonth>
<ToDay>3</ToDay>
<ToYear>1997</ToYear>
<Sign>Rat</Sign>
</year>
<year>
<FromMonth>2</FromMonth>
<FromDay>4</FromDay>
<FromYear>1997</FromYear>
<ToMonth>2</ToMonth>
<ToDay>3</ToDay>
<ToYear>1998</ToYear>
<Sign>Ox</Sign>
</year>
<year>
<FromMonth>2</FromMonth>
<FromDay>4</FromDay>
<FromYear>1998</FromYear>
<ToMonth>2</ToMonth>
<ToDay>3</ToDay>
<ToYear>1999</ToYear>
<Sign>Tiger</Sign>
</year>
<year>
<FromMonth>2</FromMonth>
<FromDay>4</FromDay>
<FromYear>1999</FromYear>
<ToMonth>2</ToMonth>
<ToDay>3</ToDay>
<ToYear>2000</ToYear>
<Sign>Rabbit</Sign>
</year>
<year>
<FromMonth>2</FromMonth>
<FromDay>4</FromDay>
<FromYear>2000</FromYear>
<ToMonth>2</ToMonth>
<ToDay>3</ToDay>
<ToYear>2001</ToYear>
<Sign>Dragon</Sign>
</year>
<year>
<FromMonth>2</FromMonth>
<FromDay>4</FromDay>
<FromYear>2001</FromYear>
<ToMonth>2</ToMonth>
<ToDay>3</ToDay>
<ToYear>2002</ToYear>
<Sign>Snake</Sign>
</year>
<year>
<FromMonth>2</FromMonth>
<FromDay>4</FromDay>
<FromYear>2002</FromYear>
<ToMonth>2</ToMonth>
<ToDay>3</ToDay>
<ToYear>2003</ToYear>
<Sign>Horse</Sign>
</year>
<year>
<FromMonth>2</FromMonth>
<FromDay>4</FromDay>
<FromYear>2003</FromYear>
<ToMonth>2</ToMonth>
<ToDay>3</ToDay>
<ToYear>2004</ToYear>
<Sign>Sheep</Sign>
</year>
<year>
<FromMonth>2</FromMonth>
<FromDay>4</FromDay>
<FromYear>2004</FromYear>
<ToMonth>2</ToMonth>
<ToDay>3</ToDay>
<ToYear>2005</ToYear>
<Sign>Monkey</Sign>
</year>
<year>
<FromMonth>2</FromMonth>
<FromDay>4</FromDay>
<FromYear>2005</FromYear>
<ToMonth>2</ToMonth>
<ToDay>3</ToDay>
<ToYear>2006</ToYear>
<Sign>Rooster</Sign>
</year>
<year>
<FromMonth>2</FromMonth>
<FromDay>4</FromDay>
<FromYear>2006</FromYear>
<ToMonth>2</ToMonth>
<ToDay>3</ToDay>
<ToYear>2007</ToYear>
<Sign>Dog</Sign>
</year>
<year>
<FromMonth>2</FromMonth>
<FromDay>4</FromDay>
<FromYear>2007</FromYear>
<ToMonth>2</ToMonth>
<ToDay>3</ToDay>
<ToYear>2008</ToYear>
<Sign>Pig</Sign>
</year>
<year>
<FromMonth>2</FromMonth>
<FromDay>4</FromDay>
<FromYear>2008</FromYear>
<ToMonth>2</ToMonth>
<ToDay>3</ToDay>
<ToYear>2009</ToYear>
<Sign>Rat</Sign>
</year>
<year>
<FromMonth>2</FromMonth>
<FromDay>4</FromDay>
<FromYear>2009</FromYear>
<ToMonth>2</ToMonth>
<ToDay>3</ToDay>
<ToYear>2010</ToYear>
<Sign>Ox</Sign>
</year>
<year>
<FromMonth>2</FromMonth>
<FromDay>4</FromDay>
<FromYear>2010</FromYear>
<ToMonth>2</ToMonth>
<ToDay>3</ToDay>
<ToYear>2011</ToYear>
<Sign>Tiger</Sign>
</year>
<year>
<FromMonth>2</FromMonth>
<FromDay>4</FromDay>
<FromYear>2011</FromYear>
<ToMonth>2</ToMonth>
<ToDay>3</ToDay>
<ToYear>2012</ToYear>
<Sign>Rabbit</Sign>
</year>
<year>
<FromMonth>2</FromMonth>
<FromDay>4</FromDay>
<FromYear>2012</FromYear>
<ToMonth>2</ToMonth>
<ToDay>3</ToDay>
<ToYear>2013</ToYear>
<Sign>Dragon</Sign>
</year>
<year>
<FromMonth>2</FromMonth>
<FromDay>4</FromDay>
<FromYear>2013</FromYear>
<ToMonth>2</ToMonth>
<ToDay>3</ToDay>
<ToYear>2014</ToYear>
<Sign>Snake</Sign>
</year>
<year>
<FromMonth>2</FromMonth>
<FromDay>4</FromDay>
<FromYear>2014</FromYear>
<ToMonth>2</ToMonth>
<ToDay>3</ToDay>
<ToYear>2015</ToYear>
<Sign>Horse</Sign>
</year>
<year>
<FromMonth>2</FromMonth>
<FromDay>4</FromDay>
<FromYear>2015</FromYear>
<ToMonth>2</ToMonth>
<ToDay>3</ToDay>
<ToYear>2016</ToYear>
<Sign>Sheep</Sign>
</year>
<year>
<FromMonth>2</FromMonth>
<FromDay>4</FromDay>
<FromYear>2016</FromYear>
<ToMonth>2</ToMonth>
<ToDay>2</ToDay>
<ToYear>2017</ToYear>
<Sign>Monkey</Sign>
</year>
<year>
<FromMonth>2</FromMonth>
<FromDay>3</FromDay>
<FromYear>2017</FromYear>
<ToMonth>2</ToMonth>
<ToDay>3</ToDay>
<ToYear>2018</ToYear>
<Sign>Rooster</Sign>
</year>
<year>
<FromMonth>2</FromMonth>
<FromDay>4</FromDay>
<FromYear>2018</FromYear>
<ToMonth>2</ToMonth>
<ToDay>3</ToDay>
<ToYear>2019</ToYear>
<Sign>Dog</Sign>
</year>
<year>
<FromMonth>2</FromMonth>
<FromDay>4</FromDay>
<FromYear>2019</FromYear>
<ToMonth>2</ToMonth>
<ToDay>2</ToDay>
<ToYear>2020</ToYear>
<Sign>Pig</Sign>
</year>
<year>
<FromMonth>2</FromMonth>
<FromDay>3</FromDay>
<FromYear>2020</FromYear>
<ToMonth>2</ToMonth>
<ToDay>3</ToDay>
<ToYear>2021</ToYear>
<Sign>Rat</Sign>
</year>
<year>
<FromMonth>2</FromMonth>
<FromDay>4</FromDay>
<FromYear>2021</FromYear>
<ToMonth>2</ToMonth>
<ToDay>3</ToDay>
<ToYear>2022</ToYear>
<Sign>Ox</Sign>
</year>
<year>
<FromMonth>2</FromMonth>
<FromDay>4</FromDay>
<FromYear>2022</FromYear>
<ToMonth>2</ToMonth>
<ToDay>3</ToDay>
<ToYear>2023</ToYear>
<Sign>Tiger</Sign>
</year>
<year>
<FromMonth>2</FromMonth>
<FromDay>4</FromDay>
<FromYear>2023</FromYear>
<ToMonth>2</ToMonth>
<ToDay>3</ToDay>
<ToYear>2024</ToYear>
<Sign>Rabbit</Sign>
</year>
<year>
<FromMonth>2</FromMonth>
<FromDay>4</FromDay>
<FromYear>2024</FromYear>
<ToMonth>2</ToMonth>
<ToDay>2</ToDay>
<ToYear>2025</ToYear>
<Sign>Dragon</Sign>
</year>
<year>
<FromMonth>2</FromMonth>
<FromDay>3</FromDay>
<FromYear>2025</FromYear>
<ToMonth>2</ToMonth>
<ToDay>3</ToDay>
<ToYear>2026</ToYear>
<Sign>Snake</Sign>
</year>
<year>
<FromMonth>2</FromMonth>
<FromDay>4</FromDay>
<FromYear>2026</FromYear>
<ToMonth>2</ToMonth>
<ToDay>3</ToDay>
<ToYear>2027</ToYear>
<Sign>Horse</Sign>
</year>
<year>
<FromMonth>2</FromMonth>
<FromDay>4</FromDay>
<FromYear>2027</FromYear>
<ToMonth>2</ToMonth>
<ToDay>2</ToDay>
<ToYear>2028</ToYear>
<Sign>Sheep</Sign>
</year>
<year>
<FromMonth>2</FromMonth>
<FromDay>3</FromDay>
<FromYear>2028</FromYear>
<ToMonth>2</ToMonth>
<ToDay>3</ToDay>
<ToYear>2029</ToYear>
<Sign>Monkey</Sign>
</year>
<year>
<FromMonth>2</FromMonth>
<FromDay>4</FromDay>
<FromYear>2029</FromYear>
<ToMonth>2</ToMonth>
<ToDay>3</ToDay>
<ToYear>2030</ToYear>
<Sign>Rooster</Sign>
</year>
<year>
<FromMonth>2</FromMonth>
<FromDay>4</FromDay>
<FromYear>2030</FromYear>
<ToMonth>2</ToMonth>
<ToDay>3</ToDay>
<ToYear>2031</ToYear>
<Sign>Dog</Sign>
</year>
<year>
<FromMonth>2</FromMonth>
<FromDay>4</FromDay>
<FromYear>2031</FromYear>
<ToMonth>2</ToMonth>
<ToDay>3</ToDay>
<ToYear>2032</ToYear>
<Sign>Pig</Sign>
</year>
</animalsign>