<?xml version="1.0"?>
<animalsigns>
<year FromMonth="2" FromDay="4" FromYear="1935" ToMonth="2" ToDay="4" ToYear="1936" Sign="Pig"></year>
<year FromMonth="2" FromDay="5" FromYear="1936" ToMonth="2" ToDay="3" ToYear="1937" Sign="Rat"></year>
<year FromMonth="2" FromDay="4" FromYear="1937" ToMonth="2" ToDay="3" ToYear="1938" Sign="Ox"></year>
<year FromMonth="2" FromDay="4" FromYear="1938" ToMonth="2" ToDay="4" ToYear="1939" Sign="Tiger"></year>
<year FromMonth="2" FromDay="5" FromYear="1939" ToMonth="2" ToDay="4" ToYear="1940" Sign="Rabbit"></year>
<year FromMonth="2" FromDay="5" FromYear="1940" ToMonth="2" ToDay="3" ToYear="1941" Sign="Dragon"></year>
<year FromMonth="2" FromDay="4" FromYear="1941" ToMonth="2" ToDay="3" ToYear="1942" Sign="Snake"></year>
<year FromMonth="2" FromDay="4" FromYear="1942" ToMonth="2" ToDay="4" ToYear="1943" Sign="Horse"></year>
<year FromMonth="2" FromDay="5" FromYear="1943" ToMonth="2" ToDay="4" ToYear="1944" Sign="Sheep"></year>
<year FromMonth="2" FromDay="5" FromYear="1944" ToMonth="2" ToDay="3" ToYear="1945" Sign="Monkey"></year>
<year FromMonth="2" FromDay="4" FromYear="1945" ToMonth="2" ToDay="3" ToYear="1946" Sign="Rooster"></year>
<year FromMonth="2" FromDay="4" FromYear="1946" ToMonth="2" ToDay="3" ToYear="1947" Sign="Dog"></year>
<year FromMonth="2" FromDay="4" FromYear="1947" ToMonth="2" ToDay="4" ToYear="1948" Sign="Pig"></year>
<year FromMonth="2" FromDay="5" FromYear="1948" ToMonth="2" ToDay="3" ToYear="1949" Sign="Rat"></year>
<year FromMonth="2" FromDay="4" FromYear="1949" ToMonth="2" ToDay="3" ToYear="1950" Sign="Ox"></year>
<year FromMonth="2" FromDay="4" FromYear="1950" ToMonth="2" ToDay="3" ToYear="1951" Sign="Tiger"></year>
<year FromMonth="2" FromDay="4" FromYear="1951" ToMonth="2" ToDay="4" ToYear="1952" Sign="Rabbit"></year>
<year FromMonth="2" FromDay="5" FromYear="1952" ToMonth="2" ToDay="3" ToYear="1953" Sign="Dragon"></year>
<year FromMonth="2" FromDay="4" FromYear="1953" ToMonth="2" ToDay="3" ToYear="1954" Sign="Snake"></year>
<year FromMonth="2" FromDay="4" FromYear="1954" ToMonth="2" ToDay="3" ToYear="1955" Sign="Horse"></year>
<year FromMonth="2" FromDay="4" FromYear="1955" ToMonth="2" ToDay="4" ToYear="1956" Sign="Sheep"></year>
<year FromMonth="2" FromDay="5" FromYear="1956" ToMonth="2" ToDay="3" ToYear="1957" Sign="Monkey"></year>
<year FromMonth="2" FromDay="4" FromYear="1957" ToMonth="2" ToDay="3" ToYear="1958" Sign="Rooster"></year>
<year FromMonth="2" FromDay="4" FromYear="1958" ToMonth="2" ToDay="3" ToYear="1959" Sign="Dog"></year>
<year FromMonth="2" FromDay="4" FromYear="1959" ToMonth="2" ToDay="4" ToYear="1960" Sign="Pig"></year>
<year FromMonth="2" FromDay="5" FromYear="1960" ToMonth="2" ToDay="3" ToYear="1961" Sign="Rat"></year>
<year FromMonth="2" FromDay="4" FromYear="1961" ToMonth="2" ToDay="3" ToYear="1962" Sign="Ox"></year>
<year FromMonth="2" FromDay="4" FromYear="1962" ToMonth="2" ToDay="3" ToYear="1963" Sign="Tiger"></year>
<year FromMonth="2" FromDay="4" FromYear="1963" ToMonth="2" ToDay="4" ToYear="1964" Sign="Rabbit"></year>
<year FromMonth="2" FromDay="5" FromYear="1964" ToMonth="2" ToDay="3" ToYear="1965" Sign="Dragon"></year>
<year FromMonth="2" FromDay="4" FromYear="1965" ToMonth="2" ToDay="3" ToYear="1966" Sign="Snake"></year>
<year FromMonth="2" FromDay="4" FromYear="1966" ToMonth="2" ToDay="3" ToYear="1967" Sign="Horse"></year>
<year FromMonth="2" FromDay="4" FromYear="1967" ToMonth="2" ToDay="4" ToYear="1968" Sign="Sheep"></year>
<year FromMonth="2" FromDay="5" FromYear="1968" ToMonth="2" ToDay="3" ToYear="1969" Sign="Monkey"></year>
<year FromMonth="2" FromDay="4" FromYear="1969" ToMonth="2" ToDay="3" ToYear="1970" Sign="Rooster"></year>
<year FromMonth="2" FromDay="4" FromYear="1970" ToMonth="2" ToDay="3" ToYear="1971" Sign="Dog"></year>
<year FromMonth="2" FromDay="4" FromYear="1971" ToMonth="2" ToDay="4" ToYear="1972" Sign="Pig"></year>
<year FromMonth="2" FromDay="5" FromYear="1972" ToMonth="2" ToDay="3" ToYear="1973" Sign="Rat"></year>
<year FromMonth="2" FromDay="4" FromYear="1973" ToMonth="2" ToDay="3" ToYear="1974" Sign="Ox"></year>
<year FromMonth="2" FromDay="4" FromYear="1974" ToMonth="2" ToDay="3" ToYear="1975" Sign="Tiger"></year>
<year FromMonth="2" FromDay="4" FromYear="1975" ToMonth="2" ToDay="4" ToYear="1976" Sign="Rabbit"></year>
<year FromMonth="2" FromDay="5" FromYear="1976" ToMonth="2" ToDay="3" ToYear="1977" Sign="Dragon"></year>
<year FromMonth="2" FromDay="4" FromYear="1977" ToMonth="2" ToDay="3" ToYear="1978" Sign="Snake"></year>
<year FromMonth="2" FromDay="4" FromYear="1978" ToMonth="2" ToDay="3" ToYear="1979" Sign="Horse"></year>
<year FromMonth="2" FromDay="4" FromYear="1979" ToMonth="2" ToDay="4" ToYear="1980" Sign="Sheep"></year>
<year FromMonth="2" FromDay="5" FromYear="1980" ToMonth="2" ToDay="3" ToYear="1981" Sign="Monkey"></year>
<year FromMonth="2" FromDay="4" FromYear="1981" ToMonth="2" ToDay="3" ToYear="1982" Sign="Rooster"></year>
<year FromMonth="2" FromDay="4" FromYear="1982" ToMonth="2" ToDay="3" ToYear="1983" Sign="Dog"></year>
<year FromMonth="2" FromDay="4" FromYear="1983" ToMonth="2" ToDay="3" ToYear="1984" Sign="Pig"></year>
<year FromMonth="2" FromDay="4" FromYear="1984" ToMonth="2" ToDay="3" ToYear="1985" Sign="Rat"></year>
<year FromMonth="2" FromDay="4" FromYear="1985" ToMonth="2" ToDay="3" ToYear="1986" Sign="Ox"></year>
<year FromMonth="2" FromDay="4" FromYear="1986" ToMonth="2" ToDay="3" ToYear="1987" Sign="Tiger"></year>
<year FromMonth="2" FromDay="4" FromYear="1987" ToMonth="2" ToDay="3" ToYear="1988" Sign="Rabbit"></year>
<year FromMonth="2" FromDay="4" FromYear="1988" ToMonth="2" ToDay="3" ToYear="1989" Sign="Dragon"></year>
<year FromMonth="2" FromDay="4" FromYear="1989" ToMonth="2" ToDay="3" ToYear="1990" Sign="Snake"></year>
<year FromMonth="2" FromDay="4" FromYear="1990" ToMonth="2" ToDay="3" ToYear="1991" Sign="Horse"></year>
<year FromMonth="2" FromDay="4" FromYear="1991" ToMonth="2" ToDay="3" ToYear="1992" Sign="Sheep"></year>
<year FromMonth="2" FromDay="4" FromYear="1992" ToMonth="2" ToDay="3" ToYear="1993" Sign="Monkey"></year>
<year FromMonth="2" FromDay="4" FromYear="1993" ToMonth="2" ToDay="3" ToYear="1994" Sign="Rooster"></year>
<year FromMonth="2" FromDay="4" FromYear="1994" ToMonth="2" ToDay="3" ToYear="1995" Sign="Dog"></year>
<year FromMonth="2" FromDay="4" FromYear="1995" ToMonth="2" ToDay="3" ToYear="1996" Sign="Pig"></year>
<year FromMonth="2" FromDay="4" FromYear="1996" ToMonth="2" ToDay="3" ToYear="1997" Sign="Rat"></year>
<year FromMonth="2" FromDay="4" FromYear="1997" ToMonth="2" ToDay="3" ToYear="1998" Sign="Ox"></year>
<year FromMonth="2" FromDay="4" FromYear="1998" ToMonth="2" ToDay="3" ToYear="1999" Sign="Tiger"></year>
<year FromMonth="2" FromDay="4" FromYear="1999" ToMonth="2" ToDay="3" ToYear="2000" Sign="Rabbit"></year>
<year FromMonth="2" FromDay="4" FromYear="2000" ToMonth="2" ToDay="3" ToYear="2001" Sign="Dragon"></year>
<year FromMonth="2" FromDay="4" FromYear="2001" ToMonth="2" ToDay="3" ToYear="2002" Sign="Snake"></year>
<year FromMonth="2" FromDay="4" FromYear="2002" ToMonth="2" ToDay="3" ToYear="2003" Sign="Horse"></year>
<year FromMonth="2" FromDay="4" FromYear="2003" ToMonth="2" ToDay="3" ToYear="2004" Sign="Sheep"></year>
<year FromMonth="2" FromDay="4" FromYear="2004" ToMonth="2" ToDay="3" ToYear="2005" Sign="Monkey"></year>
<year FromMonth="2" FromDay="4" FromYear="2005" ToMonth="2" ToDay="3" ToYear="2006" Sign="Rooster"></year>
<year FromMonth="2" FromDay="4" FromYear="2006" ToMonth="2" ToDay="3" ToYear="2007" Sign="Dog"></year>
<year FromMonth="2" FromDay="4" FromYear="2007" ToMonth="2" ToDay="3" ToYear="2008" Sign="Pig"></year>
<year FromMonth="2" FromDay="4" FromYear="2008" ToMonth="2" ToDay="3" ToYear="2009" Sign="Rat"></year>
<year FromMonth="2" FromDay="4" FromYear="2009" ToMonth="2" ToDay="3" ToYear="2010" Sign="Ox"></year>
<year FromMonth="2" FromDay="4" FromYear="2010" ToMonth="2" ToDay="3" ToYear="2011" Sign="Tiger"></year>
<year FromMonth="2" FromDay="4" FromYear="2011" ToMonth="2" ToDay="3" ToYear="2012" Sign="Rabbit"></year>
<year FromMonth="2" FromDay="4" FromYear="2012" ToMonth="2" ToDay="3" ToYear="2013" Sign="Dragon"></year>
<year FromMonth="2" FromDay="4" FromYear="2013" ToMonth="2" ToDay="3" ToYear="2014" Sign="Snake"></year>
<year FromMonth="2" FromDay="4" FromYear="2014" ToMonth="2" ToDay="3" ToYear="2015" Sign="Horse"></year>
<year FromMonth="2" FromDay="4" FromYear="2015" ToMonth="2" ToDay="3" ToYear="2016" Sign="Sheep"></year>
<year FromMonth="2" FromDay="4" FromYear="2016" ToMonth="2" ToDay="2" ToYear="2017" Sign="Monkey"></year>
<year FromMonth="2" FromDay="3" FromYear="2017" ToMonth="2" ToDay="3" ToYear="2018" Sign="Rooster"></year>
<year FromMonth="2" FromDay="4" FromYear="2018" ToMonth="2" ToDay="3" ToYear="2019" Sign="Dog"></year>
<year FromMonth="2" FromDay="4" FromYear="2019" ToMonth="2" ToDay="2" ToYear="2020" Sign="Pig"></year>
<year FromMonth="2" FromDay="3" FromYear="2020" ToMonth="2" ToDay="3" ToYear="2021" Sign="Rat"></year>
<year FromMonth="2" FromDay="4" FromYear="2021" ToMonth="2" ToDay="3" ToYear="2022" Sign="Ox"></year>
<year FromMonth="2" FromDay="4" FromYear="2022" ToMonth="2" ToDay="3" ToYear="2023" Sign="Tiger"></year>
<year FromMonth="2" FromDay="4" FromYear="2023" ToMonth="2" ToDay="3" ToYear="2024" Sign="Rabbit"></year>
<year FromMonth="2" FromDay="4" FromYear="2024" ToMonth="2" ToDay="2" ToYear="2025" Sign="Dragon"></year>
<year FromMonth="2" FromDay="3" FromYear="2025" ToMonth="2" ToDay="3" ToYear="2026" Sign="Snake"></year>
<year FromMonth="2" FromDay="4" FromYear="2026" ToMonth="2" ToDay="3" ToYear="2027" Sign="Horse"></year>
<year FromMonth="2" FromDay="4" FromYear="2027" ToMonth="2" ToDay="2" ToYear="2028" Sign="Sheep"></year>
<year FromMonth="2" FromDay="3" FromYear="2028" ToMonth="2" ToDay="3" ToYear="2029" Sign="Monkey"></year>
<year FromMonth="2" FromDay="4" FromYear="2029" ToMonth="2" ToDay="3" ToYear="2030" Sign="Rooster"></year>
<year FromMonth="2" FromDay="4" FromYear="2030" ToMonth="2" ToDay="3" ToYear="2031" Sign="Dog"></year>
<year FromMonth="2" FromDay="4" FromYear="2031" ToMonth="2" ToDay="3" ToYear="2032" Sign="Pig"></year>
</animalsigns>